Time,Bayside - Little Neck,Bedford Stuyvesant - Crown Heights,Bensonhurst - Bay Ridge,Borough Park,Canarsie - Flatlands,Central Harlem - Morningside Heights,Chelsea - Clinton,Coney Island - Sheepshead Bay,Crotona - Tremont,Downtown  - Heights - Slope,East Flatbush - Flatbush,East Harlem,East New York,Flushing - Clearview,Fordham - Bronx Park,Fresh Meadows,Gramercy Park -  Murray Hill,Greenpoint,Greenwich Village - Soho,High Bridge - Morrisania,Hunts Point - Mott Haven,Jamaica,Kingsbridge - Riverdale,Long Island City - Astoria,Lower Manhattan,Northeast Bronx,Pelham - Throgs Neck,Port  Richmond,Ridgewood - Forest Hills,Rockaway,South Beach - Tottenville,Southeast Queens,Southwest Queens,Stapleton - St. George,Sunset Park,Union Square - Lower East Side,Upper East Side,Upper West Side,Washington Heights - Inwood,West Queens,Williamsburg - Bushwick,Willowbrook
01-01-2012,,,,,,,,,,,,,,,,,,,,,,,,,,,,,,,,,,,,,,,,,,
01-02-2012,,,,,,,,,,,,,,,,,,,,,,,,,,,,,,,,,,,,,,,,,,
01-03-2012,,,,,,,,,,,,,,,,,,,,,,,,,,,,,,,,,,,,,,,,,,
01-04-2012,,,,,,,,,,,,,,,,,,,,,,,,,,,,,,,,,,,,,,,,,,
01-05-2012,,,,,,,,,,,,,,,,,,,,,,,,,,,,,,,,,,,,,,,,,,
01-06-2012,,,,,,,,,,,,,,,,,,,,,,,,,,,,,,,,,,,,,,,,,,
01-07-2012,,,,,,,,,,,,,,,,,,,,,,,,,,,,,,,,,,,,,,,,,,
01-08-2012,,,,,,,,,,,,,,,,,,,,,,,,,,,,,,,,,,,,,,,,,,
01-09-2012,,,,,,,,,,,,,,,,,,,,,,,,,,,,,,,,,,,,,,,,,,
01-10-2012,,,,,,,,,,,,,,,,,,,,,,,,,,,,,,,,,,,,,,,,,,
01-11-2012,,,,,,,,,,,,,,,,,,,,,,,,,,,,,,,,,,,,,,,,,,
01-12-2012,,,,,,,,,,,,,,,,,,,,,,,,,,,,,,,,,,,,,,,,,,
01-01-2013,,,,,,,,,,,,,,,,,,,,,,,,,,,,,,,,,,,,,,,,,,
01-02-2013,,,,,,,,,,,,,,,,,,,,,,,,,,,,,,,,,,,,,,,,,,
01-03-2013,,,,,,,,,,,,,,,,,,,,,,,,,,,,,,,,,,,,,,,,,,
01-04-2013,,,,,,,,,,,,,,,,,,,,,,,,,,,,,,,,,,,,,,,,,,
01-05-2013,,,,,,,,,,,,,,,,,,,,,,,,,,,,,,,,,,,,,,,,,,
01-06-2013,,,,,,,,,,,,,,,,,,,,,,,,,,,,,,,,,,,,,,,,,,
01-07-2013,,,,,,,,,,,,,,,,,,,,,,,,,,,,,,,,,,,,,,,,,,
01-08-2013,,,,,,,,,,,,,,,,,,,,,,,,,,,,,,,,,,,,,,,,,,
01-09-2013,,,,,,,,,,,,,,,,,,,,,,,,,,,,,,,,,,,,,,,,,,
01-10-2013,,,,,,,,,,,,,,,,,,,,,,,,,,,,,,,,,,,,,,,,,,
01-11-2013,,,,,,,,,,,,,,,,,,,,,,,,,,,,,,,,,,,,,,,,,,
01-12-2013,,,,,,,,,,,,,,,,,,,,,,,,,,,,,,,,,,,,,,,,,,
01-01-2014,,,,,,,,,,,,,,,,,,,,,,,,,,,,,,,,,,,,,,,,,,
01-02-2014,,,,,,,,,,,,,,,,,,,,,,,,,,,,,,,,,,,,,,,,,,
01-03-2014,,,,,,,,,,,,,,,,,,,,,,,,,,,,,,,,,,,,,,,,,,
01-04-2014,,,,,,,,,,,,,,,,,,,,,,,,,,,,,,,,,,,,,,,,,,
01-05-2014,,,,,,,,,,,,,,,,,,,,,,,,,,,,,,,,,,,,,,,,,,
01-06-2014,,,,,,,,,,,,,,,,,,,,,,,,,,,,,,,,,,,,,,,,,,
01-07-2014,,,,,,,,,,,,,,,,,,,,,,,,,,,,,,,,,,,,,,,,,,
01-08-2014,,,,,,,,,,,,,,,,,,,,,,,,,,,,,,,,,,,,,,,,,,
01-09-2014,,,,,,,,,,,,,,,,,,,,,,,,,,,,,,,,,,,,,,,,,,
01-10-2014,,,,,,,,,,,,,,,,,,,,,,,,,,,,,,,,,,,,,,,,,,
01-11-2014,,,,,,,,,,,,,,,,,,,,,,,,,,,,,,,,,,,,,,,,,,
01-12-2014,,,,,,,,,,,,,,,,,,,,,,,,,,,,,,,,,,,,,,,,,,
01-01-2015,,,,,,,,,,,,,,,,,,,,,,,,,,,,,,,,,,,,,,,,,,
01-02-2015,,,,,,,,,,,,,,,,,,,,,,,,,,,,,,,,,,,,,,,,,,
01-03-2015,,,,,,,,,,,,,,,,,,,,,,,,,,,,,,,,,,,,,,,,,,
01-04-2015,,,,,,,,,,,,,,,,,,,,,,,,,,,,,,,,,,,,,,,,,,
01-05-2015,,,,,,,,,,,,,,,,,,,,,,,,,,,,,,,,,,,,,,,,,,
01-06-2015,,,,,,,,,,,,,,,,,,,,,,,,,,,,,,,,,,,,,,,,,,
01-07-2015,0.9627498129154366,0.9741538521900394,0.9495422419590277,0.9777740559137912,0.9477238312710031,0.9939165250260178,0.999474271558907,0.9293280507821828,0.9378933873187334,0.9927034005541516,0.9530382826013247,0.9871680982334454,0.9392308391977817,0.9616805240195363,0.9770541368218625,0.9711771397909171,0.9995108152408129,1.0003398101928482,1.0024676052446442,0.9655192922101087,0.9636337601396154,0.9356218790331656,0.967126544034636,0.9629992780427035,0.992867630331076,0.9692312356568076,0.9450375753005987,0.9559031094031387,0.9680696308546916,0.9406473695383424,0.9654988414772822,0.9659429702098006,0.961160418090716,0.9506862369019066,0.879979635562945,1.0056235215580018,0.9962257211175845,0.9935389016413995,0.9770837688518537,0.9451517927436993,0.9650652812239389,0.9574304602373375
01-08-2015,0.9576516360387977,0.989946405064366,0.9483734441518687,0.9696478361092309,0.9642686572404833,0.9943116881119994,0.9967121017243499,0.9256766737822624,0.929723042790699,0.9887146708330856,0.9569587272177853,0.9852840716463795,0.9454739869363977,0.9651215362584818,0.9500705478634451,0.9688268969045474,0.9990526428235751,1.0046969688789682,0.9935197150451804,0.9042106224747087,0.9312056943438428,0.9475932132010342,0.960924443101286,0.9619391597620125,1.000037462075725,0.9709664735241537,0.9538331789781279,0.9505545934397733,0.9695207475938866,0.9406206095742572,0.9669612625428474,0.973265148007301,0.9596329995731233,0.9551200953815399,0.8867639358084771,0.9729502503439914,0.9974607010278417,0.9951779502400344,0.9795640550014044,0.9548422497828964,0.9755168219070466,0.9636457666153726
01-09-2015,0.9562749099828882,0.9901561698437948,0.9577636838046895,0.9382323174861078,0.9548922408331807,1.002583592752344,0.9930548600698635,0.9278622967548492,0.9168725051926075,0.9883155921855982,0.9615504948147502,0.9829863942149122,0.9693775809642994,0.9663965665045064,0.9742912062893873,0.9691464168859435,0.9987495359735883,0.9935376468651859,0.9931743193855156,0.9299058827574939,0.9302727951819018,0.9531920998651169,0.9582656781765031,0.9630404718914934,0.9983384400181787,0.9693481234107169,0.9582816880105512,0.9436197857513701,0.9741591827030297,0.9476163732948161,0.965537597951261,0.9600952169779496,0.9606555450496536,0.9612521419481318,0.9029130047200317,0.9818640508624256,0.9998961203846831,0.9967737615636354,0.9907015628460035,0.9630149675916299,0.9735232748319086,0.9623916102902944
01-10-2015,0.9546361786559866,0.98695868474502,0.946472304478156,0.9335512376790471,0.9819492379550226,1.0434924605700815,0.9861291917833803,0.9344881765993192,0.9290847237162678,0.9882020669632443,0.9776333702274853,0.9723164987776345,0.9828801023029061,0.9607881742767115,0.984462191587975,0.9746505826119712,1.0007838785960668,0.9921926154970231,1.0017484545103095,0.937546916479194,0.9241666919828225,0.9625075497903328,0.9560191618130905,0.9683394910852302,1.0011622343801245,0.9715595505449399,0.9534251105536754,0.9411554653765889,0.9745553904517967,0.95332960502189,0.9631810408364174,0.9638859086667771,0.9623169466918005,0.9548581443905714,0.9585394752832413,0.9759351028871849,0.9992653457371393,0.9974257411846846,0.9928282989384073,0.965510730510937,0.9737939049412841,0.9667682249278508
01-11-2015,0.9611158543916487,0.9574854009649162,0.9503672108203346,0.9286827366838367,0.9779883543351998,1.0684133949504133,0.9832230761565038,0.9361360563178484,0.9326075923055647,0.9841265250166854,0.9708033587563316,0.9724257216991667,0.9604782899582787,0.9586231369282162,0.9838915894085662,0.9686471063298122,1.0030292585425977,1.0090543096212985,1.0002901723379425,0.9443745964822724,1.0152243166269224,0.9593448138083822,0.960126035964212,0.9760110726788545,0.9968225207312518,0.9674774785579333,0.9488079321339232,0.9402106446149556,0.9691189225344545,0.9437714725752848,0.9612815175791954,0.9531045952719542,0.963428187903554,0.9558291492754862,0.9722010708644604,0.9915840367597156,0.9981842972996348,0.9956317988760864,1.004732704742369,0.9631564895798701,0.9829138664452145,0.9612207057828472
01-12-2015,0.9588026050702395,0.9609211506297788,0.9506876612156168,0.9455203583680049,0.9807961089413192,1.0436891077348873,0.9888560954784708,0.9242016834512237,0.930845903513639,0.9923823690720749,0.9590906204461274,1.0018242466068554,0.9621746971028862,0.9538738260767807,0.9738035081088828,0.9622181101056362,1.0044779521921547,1.0005111986996063,0.9948273193771245,0.9643624386390749,0.9941196639081594,0.9587820320163468,0.9644699476089305,0.9772782537155454,0.9929734641543704,0.9523050034871302,0.9534783649469878,0.9370707743829393,0.9659205059319695,0.9311672293809647,0.9612363992833665,0.9604859679382836,0.9628634357642505,0.9527403877619965,0.9712470477981469,0.9810091328886168,0.992761929214243,0.9886847102506556,0.9853623281844802,0.9566125344586988,0.9819105542272131,0.970663652531592
01-01-2016,0.9552315752371106,0.9580103559951969,0.9528120934813764,0.9445319361686164,0.9502963059859714,1.0117172338491132,0.9931895651608565,0.9210804790867985,0.9439112057493952,0.9834401509836465,0.9748451819310243,1.0113052992454052,0.9678128217192226,0.9530995174453956,0.9670994351197288,0.9519232708472751,0.9981260469345642,1.0016881364588093,0.989322715810954,0.9612805109828729,1.0074858431296716,0.9536902905278155,0.9672345073323465,0.9881741000760567,0.9912908698453297,0.9505615910237606,0.9625819217697119,0.9328711096765855,0.9698508748871655,0.9123594722997012,0.9592693160226755,0.9650876083533696,0.9592631844800437,0.9650342216419917,0.9365980515872145,0.996078431372549,0.9936183368177155,0.9915460240587352,1.0064276895097959,0.952270975912197,0.9840453195973436,0.9686652505268002
01-02-2016,0.9512907690889606,0.9768327819752521,0.95400572720696,0.9404638322326098,0.945311729172907,1.0004974635128885,0.9963586014344324,0.9281611655026848,0.9404258203305834,0.9796049132446794,0.9826086284068581,1.0096902564960617,0.9778550702475415,0.951620955281116,0.948772556708383,0.950812647255999,0.9949304722185921,0.9749577789590834,0.9925449391399147,0.976625506059095,0.9681383906684596,0.9570956457273735,0.9625332576780516,0.9845916099070067,0.9903297333855401,0.9556994271324485,0.9721871851897453,0.9368593277700564,0.9718907945578673,0.9049430406427674,0.9618215409126856,0.9698165481433875,0.9558343306483058,0.9675209504704764,0.9058881648756114,1.0278830752870889,0.9933555830930516,0.9927247666226552,1.0001832012731977,0.9514421268631289,1.0094963739917082,0.9720968575804437
01-03-2016,0.9552714229289875,0.9827941570638721,0.9412222553085947,0.9332580327106088,0.9478305367147688,0.9988533547474235,0.9944462675976659,0.9359923055831575,0.9937673453036598,0.9750743439194716,0.9829690440846929,0.995136403253229,0.9572163416863182,0.9509338050838398,0.9507759622555355,0.9545745069269141,0.9942627767350347,0.9809780830413418,0.9959465353758983,0.9908368887368953,0.9664170237760078,0.9511431876184662,0.9676467080728616,0.9848524115760535,0.9987181191512559,0.9646351545745862,0.9730389840498206,0.9463059776075734,0.9705065037378586,0.9087170019701175,0.9621611530100267,0.9602181899944685,0.9593404739688983,0.9686736429510527,0.9044107041735507,1.0067463060776032,0.991249624677984,0.998805155608238,0.998270278976368,0.9538245909209732,0.9998567769316539,0.9573037100410512
01-04-2016,0.956357599040641,0.9738653616052743,0.9435039163422269,0.9305258826153684,0.9449123557832442,0.9952178876360311,0.9918533067910675,0.9479026166884374,1.0016907581422865,0.9795288429516862,0.959553857474065,1.0016872430178134,0.9568815948419205,0.9531096390162355,0.9444501777519158,0.9618039799731651,0.9981426661391815,0.998861924396244,0.9946091551458914,0.9982575160070071,0.937326035275121,0.9554830387231943,0.9683639171508529,0.9839970751090731,0.9971498880482604,0.9805876317723097,0.9649907873605995,0.960322519950827,0.9756349524492275,0.9193079716937518,0.9624413316519929,0.9558621943960898,0.958618436026617,0.9481667401041364,0.912804126901112,1.0061739770276086,0.99199110847478,0.9977707208773522,1.0009090240151013,0.9552859661534152,0.9966478164641158,0.9571522363212052
01-05-2016,0.9573248377057937,0.9756208143044838,0.9473350493363492,0.9359866190060429,0.9478271559711979,0.995492820527408,0.9923474313968268,0.944534707953326,1.0148613579138686,0.9904535276160151,0.9531835974340575,0.9972495237521799,0.94698357373784,0.9535840868660945,0.9430659221145357,0.9676436966221926,0.9953322057922543,1.0081463857376347,0.9786797795951413,0.9962772507030229,0.9156603966352554,0.9594788093360422,0.9696662769905562,0.979999360020933,1.0068786706077613,0.9743835209516563,0.9596379367575817,0.9619052395861064,0.9771832385909678,0.9320163956338686,0.9584950210710275,0.9571755025204971,0.9608361356938526,0.9463339229314358,0.9561207064268689,0.9915733422143876,0.9931348291163739,1.0034492267333763,0.9882568252191893,0.9559365583559798,0.9694359878142486,0.9679290908872936
01-06-2016,0.9526904020357198,0.9740859506954564,0.9636114409647066,0.9357567755523641,0.9357449461943722,0.9859857840934019,0.9918978834899169,0.9307885692888573,0.9275593578621684,0.9968603342336101,0.957988489865098,0.9902893459866695,0.9489297185888371,0.9539437181307997,0.925643147320305,0.9632834788036483,0.996026125921135,0.9978605861460503,0.9867562127262938,0.9803342535406795,0.9159279099327082,0.9627000016609871,0.9674031123629881,0.970885094416667,1.0055934315891335,0.9535455831881475,0.9609959477923358,0.9557478549089954,0.9745552329498364,0.9388429290694921,0.9575443823315618,0.9687181669615973,0.9619871450813613,0.9530870537623192,0.9721644484153416,0.999990850631896,0.990539757517228,0.9999969538840684,0.991131657753524,0.9526886037330888,0.9761606720900894,0.9746941666566015
01-07-2016,0.9527956934488759,0.9872572101379691,0.9663340769271876,0.9361589018873793,0.9395717331610454,0.993085681604253,0.993006757296918,0.917351509885384,0.9271997923185503,1.0059889263206787,0.9570973829327731,1.0058439740554939,0.9507730022129735,0.9572784958737942,0.9320854328819251,0.9617068866075004,0.9963178353085285,0.9891386893133266,0.991022326283194,0.9873451149167328,0.9153634729143137,0.9621500854521565,0.9732116033526175,0.9616668951070472,1.0055784428986563,0.9574748635359541,0.9636902161253874,0.9532832426530559,0.9695268639621093,0.942330330457195,0.9636842545422091,0.9747663592348571,0.9652672815862233,0.9643960892736617,0.9624425027664962,0.9989603416254851,0.9858633966463611,0.9934176916132801,0.9923460144927537,0.955100561744036,0.9627321681371593,0.9773455668839827
01-08-2016,0.958493298543476,0.9886615075763642,0.9591765606295196,0.9458660907720402,0.9512130424674665,0.9856132726932786,0.9940086552923787,0.9267305039118312,0.9399587085751134,1.006123442943931,0.9733634277763341,1.0076875901875901,0.9527295512190103,0.9582793552290755,0.9403751160695911,0.9624908718471872,0.9960705108194259,0.9841067268894403,0.996661216447813,0.9732669431216635,0.9427928314531537,0.9579101846580544,0.9792520733044326,0.9672623539144142,0.9997302037693307,0.9631974649995758,0.9706833892629189,0.9506024850736995,0.9719842393327829,0.9126618060541155,0.9685568582723854,0.9701895512543669,0.9623886560156547,0.9640636988103116,0.96518148637308,0.9977550643982217,0.9832477089028652,0.9836303711631648,1.0014482260798567,0.9523123200584808,0.9896673853178788,0.9726659916455598
01-09-2016,0.9607043503212755,0.9973847122322184,0.9507806343225724,0.940143594163691,0.961778981107209,1.0874211340821212,0.9933504707655035,0.9346092645523021,0.9497236530339556,1.0035896878365935,0.9793509281462719,1.0021485260770975,0.9650977385114414,0.9598320421586812,0.9602210449010021,0.9678067923881181,0.9953900311925764,0.9884555345770928,0.9920838515015923,0.973456352308829,0.9624040144154797,0.95829797831466,0.9769983757848902,0.971862303981455,0.9951100154591218,0.9707929680587875,0.9730575763602523,0.9547441744104314,0.9739157187272229,0.9200814548952493,0.973093627408411,0.9671466990163013,0.9681735920168444,0.9644020652682525,0.9456184877629061,1.000564445857594,0.9891050793349547,0.985998546504611,1.0024137101330948,0.9613974457461613,0.9736451406438386,0.972246722773176
01-10-2016,0.9626383625988397,0.9983797453348094,0.9547918312521076,0.9353564869065424,0.9524625993036822,1.079314410294363,0.9940888485697611,0.9456797921505836,0.9565367685115103,0.995133193542822,0.9894817740284403,0.9878157556728986,0.9690688006382462,0.9596870633416203,0.9649772170637593,0.9683806379759186,0.9918792901005503,0.9836257325504845,0.9886167150165477,0.9459737026116652,1.0032617959449932,0.9584598812124976,0.9703777301128282,0.9756550964651166,0.9962154671805165,0.9593042639330596,0.974875180662831,0.9550305399269684,0.9737050953578433,0.9405811415508416,0.9707832991822267,0.9656957367015321,0.967673610972171,0.9619546615957004,0.9328152904803824,0.9967435316971162,0.9925839825715636,0.989853500874859,1.0003590398328859,0.9654382493296877,0.971688368235658,0.9811610693567147
01-11-2016,0.9613201725048499,0.9951827324655934,0.9505029103047439,0.9431428074052988,0.9547628902198443,1.1480347181387651,0.9981847333040902,0.9409646680880908,0.9568847231705204,0.9945308845074802,0.9725194418437092,0.9982149161888069,0.9707093337448822,0.9603253604730533,0.9745465805706052,0.9688457034744107,0.993947747047046,0.9976343526149485,0.9917904885154004,1.0004862357140498,1.0171247405233772,0.9612580900827375,0.9679216396210439,0.9631978636935958,0.9829766431249666,0.9595985970061603,0.9664697039207989,0.9618292336594342,0.971255067546363,0.9758353496385661,0.9694079862601258,0.9751927659126597,0.9723403819294154,0.9684925845789686,0.9348821189273051,0.9960672036593312,0.9917459790867997,0.9967923129471365,0.9966666666666667,0.9646804344110401,0.9680719575494989,0.9817536612438619
01-12-2016,0.9606676334024187,0.9839361801602813,0.9484924417194516,0.9699440614428025,0.9580084776246178,0.9823474892647625,0.993892209125296,0.9385998025481643,0.9970931222812408,0.9879428606585414,0.9579179145475456,0.9572436541378729,0.9705501955898674,0.9574860989354985,0.9639077010753964,0.9587392269578706,0.992633502171878,0.9979849674222623,0.9944483660687697,0.9505259299260539,1.0240819961278622,0.9583999733013407,0.9653760174596153,0.9677092937953693,0.9813543346081794,0.9674437059840254,0.9746787379391214,0.9713888692184479,0.9730288474117749,0.9717831951852602,0.9678886155050179,0.9754938285425965,0.9703884922402656,0.970684914662006,0.9040244379300741,0.9922750575772513,0.9930719698542148,0.9971866921925489,0.9958040485733373,0.9585629791358623,0.9864811983137644,0.9868472581266482
01-01-2017,0.9644177046484425,0.9756552099075693,0.9449232800393642,0.9662144523690331,0.9729107668867839,0.9810421181859779,0.9959530661590098,0.9327434250383299,1.025079428725315,0.9880053690640525,0.9553131732988176,0.9747212343390079,0.9593986217804419,0.9546881162701395,0.9637651966727977,0.9581468881856092,0.9838305667271227,0.9919343013107952,0.9943254282203787,0.9133138306630473,1.003572293128158,0.9672733968796638,0.9640108955821013,0.9729339626968362,0.9827866490685876,0.9815423190032572,0.9738456399315769,0.9771338265662907,0.9760268311195267,0.9459626003228685,0.9681655913137073,0.9733320448894075,0.9694787714655921,0.9717052916522273,0.9516864033732548,0.9894184878337106,0.9881244732449327,0.9974063014961954,0.9981751076557878,0.9590852674723023,0.9966570436774392,0.98231668878655
01-02-2017,0.9654464664013169,0.9753701036862618,0.9463606128252342,0.9502384410676905,0.9706670816001157,0.9794527246599459,0.9934564629277105,0.9332053924597523,1.0253337264921192,0.9849721256817243,0.9648301300322512,0.96875,0.9552046893191217,0.9556652421302453,0.9521293546510416,0.9550401607983249,0.985310310759124,0.9848098198434139,0.9948437713654142,0.9378157337824838,1.015467707520838,0.9710632225164437,0.9598061400748787,0.9793264279603241,0.9925856235376346,0.9792391137754539,0.9730962995600931,0.9804868406659417,0.977507704362921,0.9313611378239217,0.9717412167352103,0.969250482471339,0.9659607635889075,0.9734993378497792,0.9541360484075718,0.9852466480817735,0.9832833900105306,0.9975719753055419,0.9843448853972663,0.9605111834055651,0.9601675319778439,0.9866378783188869
01-03-2017,0.9685082988585225,0.9756068205109439,0.9386772330623648,0.9276728082138361,0.9704625480315205,1.0018215808729545,0.9965639632414725,0.927974405739741,0.9919687235276412,0.9930076150832194,0.9853528173185119,0.9504065040650407,0.9459675376256469,0.9567409590483896,0.9451766886684395,0.9605907113709327,0.9812670892137696,0.981788116043336,0.9934842490618047,0.9361380139397396,1.0265959913232847,0.9829127213109723,0.9560400811667463,0.9776950286904709,0.9914739071309498,0.9802154645529875,0.9754332430116914,0.9794084282147809,0.9750620987478218,0.9439428738205669,0.9738525049467952,0.9721930800242239,0.957656940856377,0.9778830293088463,0.9333760387146577,0.9643753096792492,0.9844167079090431,0.9962545841618802,1.006916914540227,0.9618327254940603,0.9582851176577942,0.9844721668771566
01-04-2017,0.9645547683883195,0.9839264268451066,0.9396644059951054,0.942662031060902,0.9539042485002363,1.0023659524359514,0.9963611609881938,0.9268583531787425,0.9703779390910996,0.993152224761384,0.9765899672040831,0.928980352303523,0.9534733460591378,0.9577100008662023,0.9613384574952959,0.957151397438477,0.9900430394804445,0.9869168202483198,0.99450035208491,0.9522092007137131,1.058493214002276,0.9710848685344627,0.9705643324825763,0.974135383926853,0.9798140851687458,0.967050467061537,0.9725443898703213,0.9737689405404528,0.9712330951730338,0.9688729649966217,0.9779625252039722,0.9751659082616414,0.9620575507753971,0.9757004786718403,0.938628645049079,0.9703128457857453,0.966945374289749,0.9965884538367912,1.0010794558490188,0.9585722374510033,0.9592832064745589,0.9829821398609321
01-05-2017,0.9657302590952493,0.9843572216697656,0.9423556724994582,0.9447844769896023,0.9481352407892094,1.000177785619327,0.9916524755255969,0.9246598783771787,1.005537821706102,0.9924743773469968,0.9760151202071836,0.9302961417772072,0.9468701028908828,0.9575257498370477,0.9632316439065668,0.9602398760268662,0.9941215526911162,0.9877109804472357,0.9934733338546696,0.9955162375996102,1.0312371984400475,0.9733111016565261,0.9637404697662092,0.9706734170701496,1.0186439289927667,0.9547868225253562,0.9721308326685655,0.9680124550130308,0.9659764962275469,0.9699273330153726,0.9760605795342776,0.9737238665633736,0.9624841616710241,0.9672691332463349,0.9324994810182328,0.9730562922345897,0.9823874778229039,0.9976890999551137,1.002513105964875,0.9578246293486475,0.9909452818915304,0.9781577096503399
01-06-2017,0.9711103761398496,0.9845110055197601,0.9480464762033379,0.9443122381699687,0.9537299592616776,1.0009671783555776,0.9985060836136737,0.9456410222668288,1.0001916048286468,0.9926284473962548,0.9772620969113412,0.9826754385964913,0.9623998591874441,0.9626369625025402,0.9815961161537947,0.9582211994143695,1.0004714483799424,0.9795612385351073,0.9897610963937971,1.0857395243088495,0.9848952692376642,0.9692650893622711,0.9640744753163836,0.9715247866594842,1.009455955147358,0.9515198234501842,0.971831061561987,0.9734869597991475,0.962814925290893,0.9670502193738933,0.9783201159239597,0.9646632383762067,0.9649505322093835,0.9637206464062492,0.9436150417347537,0.9887306847024705,0.9835768643460904,1.0011380833762331,0.9896778074403733,0.9531616827052694,0.9881828286382449,0.9812149048486792
01-07-2017,0.9686474567929837,0.9838615772157473,0.9428002544167859,0.9449744641269642,0.9433212528252998,1.0010086590639447,0.9976071886334035,0.9509684379039711,1.000999341890193,0.9934413825604936,0.9868205726333857,1.000598086124402,0.9725727404882136,0.9620206071032293,0.9657574313617374,0.9664223564774178,1.0019475072786432,0.9811809639722164,0.9925012056045311,1.003822394599676,0.9978275441288631,0.9694230246666878,0.9655716678469054,0.9692719664605315,1.0090917018050765,0.966344697423354,0.9740552214106472,0.9696430014134648,0.9652747317690192,0.9702350172846342,0.9798733415765634,0.9655642390232945,0.9682213981356479,0.9690108619459239,0.9715371520707179,0.9965916021452701,0.9966474018688395,1.0004476360585381,0.9928939521619807,0.9516994570723354,0.9892894850261212,0.985219867137868
01-08-2017,0.9587369057095243,0.980179389067765,0.9421020329004947,0.9522525500602219,0.9505018284495312,0.9950987710867439,1.0008034741889211,0.9553819888492384,0.9558944944581502,0.9957394008923723,0.9837145339198503,1.0,0.9809733591673411,0.9597116096968741,0.9600657490784381,0.9597085170606885,1.0007482677524429,0.9860588325200474,0.9898312950817547,0.9862552167512977,0.9722520630319927,0.9642500334205375,0.9703911809778629,0.9723666707545932,0.9961251803576229,0.9614405831967979,0.9763290226962825,0.9687546788610691,0.969202122595211,0.9648318877402263,0.976360689849564,0.9691300390619783,0.9653301832350922,0.9703401830465701,0.98058223703346,0.9892715380545112,0.9951297873172654,0.9996297540860395,0.9957058817392195,0.9531866605380541,0.9909238064713146,0.9880462200869433
01-09-2017,0.9575566144512762,0.9876911260480827,0.946810330244728,0.9528670462135292,0.9499917346811498,0.9901361326006016,1.000754092688956,0.9462959739318852,0.9707531847093059,0.9963966454256074,0.9820497417330306,1.0,0.9717188512870647,0.9597556382460731,0.9667153829902122,0.960051598462444,1.002447929404112,0.9928836955951619,0.9956048959556446,0.9793536981462391,0.9608104845932038,0.9660457893011658,0.9842014822532075,0.973063389102404,0.9936310533806356,0.9838746551902311,0.9769974449656319,0.9699290038484522,0.9704438873135965,0.9597664345104528,0.9749708974549722,0.9742142198558383,0.9691893215770779,0.9717252772616445,0.9744580704717333,0.9896433553420018,0.9941680504665628,0.9966051352514423,0.9969289945835001,0.9569343703518804,0.9956649567577313,0.9873250906607071
01-10-2017,0.9632998123646344,0.9891618118299995,0.9499064055658876,0.9494323193433475,0.9686653232208835,0.9790969450658148,1.000978744174141,0.9399210565377405,0.9558019622003507,0.9928322556213924,0.9833369601597071,1.0,0.9573082943260451,0.9582973932284434,0.9844064584968087,0.9596897872353024,1.0020468440374846,0.9971656354632777,0.9943035535713101,0.968934180705013,0.9344334652835354,0.9668049498759353,0.9775699488080245,0.9858025397059821,0.9896548507895211,0.9805998813542125,0.9702444042630235,0.9688688808484108,0.9675488802494712,0.9583725841492884,0.9719979702844928,0.9698047898151909,0.9673806694258735,0.9696309691341544,0.9686668874794617,0.9837927710759834,0.9966880312284657,0.9970417612061663,0.9950806163998234,0.9588007050872819,0.9999246521032514,0.9836690672574379
01-11-2017,0.9668589665946374,1.0047948824669057,0.9553830798919054,0.9376491530602772,0.9588714889739136,1.1315326755452906,1.00393507422461,0.9420231304745647,0.9610142990367757,0.9882007358735801,0.9762536703101674,1.0,0.9593041605579613,0.9572683143234441,0.9969706920613391,0.9677685743294565,0.9990813431933939,0.996271461980449,0.9986227747298958,0.9786102630382089,0.9662082634788457,0.9723567503858283,0.9788072308652903,0.9800733022065519,0.9902257759895011,0.9783639712908874,0.9660481192401499,0.97698802004104,0.9606218567984568,0.9689316839120744,0.9719453685686996,0.9707167413949116,0.9715911092434636,0.9729556540549887,0.9633188301303377,0.9950888151410129,0.9993568990125381,0.9987523270201305,0.9920350829783044,0.9604894858109729,0.9811463697411648,0.9799793160356621
01-12-2017,0.9687766990910541,0.9945063323832162,0.9526455486741916,0.9462685138585355,0.9696636663574368,1.1061942338687618,0.9926269954345986,0.9440882848325316,0.9591717039869242,0.9826009182860478,0.9560094697906847,0.9991869918699188,0.9759425615414075,0.9554697798787988,0.9958835995344287,0.967005095456639,0.994816616276524,0.9963799434913405,0.9961845442239783,0.9632216077413404,0.9391866093309369,0.9673509722914141,0.9735492193972162,0.9774292314834349,0.9927133261149393,0.9866722701455389,0.9685999286767961,0.9680507276916822,0.9651557449061298,0.9505086049834508,0.9711179737987201,0.9635754159990525,0.9651019113488449,0.9712374210067501,0.9241162178532,0.9956369854553314,0.9982904989878109,0.9985829885474891,0.999218097468253,0.9579518845742442,0.9828041383169758,0.9794386965749717
01-01-2018,0.962720245853979,0.9815442923786168,0.956198165047155,0.9426134529856889,0.9713172719969809,1.143149397514154,0.9968321201528663,0.9523463565882435,0.9999446154863346,0.9860339308417609,0.944335036605277,0.9994918699186992,0.9784656700978032,0.9566212549640978,0.978067092328096,0.9617679866511217,0.9947761661980183,0.991875330306514,0.9978689963344894,0.9465142381205434,0.9815387948387143,0.9682819711293804,0.9829312907874646,0.9709071943931639,0.9950435464447851,0.9991270242347612,0.9787388405761988,0.9737161204936499,0.9624019460278872,0.947056180242142,0.9699303176712831,0.9710979348655487,0.9679240325391025,0.9703866204317043,0.9206220102120418,0.9987077171168045,0.9962425257663232,0.9985554953503886,0.9974230614436304,0.9538982474149629,0.9758042921224589,0.9797788637516087
01-02-2018,0.962878431389441,0.9710078643092206,0.9553870296853992,0.9562594196632356,0.9713937726609391,1.148890242392086,0.9913950995719572,0.948004525311488,0.9993088250774494,0.992300380981314,0.9508479324087697,0.9994918699186992,0.9746652632176347,0.9581883902288297,0.9790885016694079,0.9572193507792529,0.9948467365904444,0.9927365428466648,0.992691067561227,0.9361614434883366,0.96405197153477,0.9611063568007181,0.9734294665761414,0.9730538726827979,0.9917044075459828,0.9993406483920834,0.9780435894785695,0.9619482787946231,0.9653430359419277,0.9453061667956508,0.9732805965363903,0.9742182651757451,0.9686232139440487,0.9647834285993678,0.9083408116351581,0.9967379274841365,0.9938761015373524,0.9983617211464053,0.9978016096294258,0.9530993830424042,0.9790841552147133,0.9790195522976368
01-03-2018,0.956749373953182,0.9634130657479121,0.9622341931496425,0.9540890593409352,0.9659754615410062,0.9952568217943526,0.9905284797502901,0.9464028746086115,0.9899021678284784,0.9932638813481647,0.948954613537371,0.9910416666666666,0.9493448067782302,0.958736007806584,0.9718613778007977,0.953114825838827,0.9976083003455509,0.992100129383759,0.9914867296935318,0.9305353381621604,1.0154361639124894,0.9696173136917565,0.9694462425758377,0.9770180294466054,0.9672146648330718,0.9778762862626323,0.9785312899467504,0.956080731260577,0.9599957523505163,0.9570433223944792,0.9701891656931189,0.9836992435611109,0.9680625573409432,0.9638294309236395,0.9316818080558411,0.9980446647183281,0.9945512945315055,0.9945429830406114,0.9908121377270271,0.9560862111315214,0.9866062482370466,0.9758669938630689
01-04-2018,0.9599641328791756,0.9773326312445905,0.9566001053040386,0.9441175605614937,0.9585508276999574,0.9924825260829636,0.9937575075284859,0.9538210717631781,0.9887716488800963,0.9949521388230057,0.949563570320334,0.985606884057971,0.9453961750016737,0.9591429769388496,0.9468044840813761,0.9542276908831336,0.9975257123976489,0.9942071560201509,0.989253214302289,0.9550666678834093,1.0023249865363328,0.9718163294368823,0.9655824913780526,0.9747871391169729,0.9783515426046108,0.9764947514865832,0.9741677856396764,0.9520596801775323,0.9644254460601631,0.9566463308710967,0.9707937650948024,0.9849282116333294,0.9579169215822699,0.9670113216201255,0.9410744038231127,0.9967399478285816,0.99615428944159,0.9944143617204075,0.9930127567469608,0.9622405638141699,0.9928119202074456,0.9729997638372448
01-05-2018,0.9619032251344661,0.9853868407359864,0.9538293436545945,0.9544549803489838,0.9971372646783033,0.9941295061870283,1.011859298665459,0.957689423475149,0.9842421737948047,0.9862850740929068,0.9462467183654584,0.985606884057971,0.9548027862081865,0.9549941906811978,0.9449160798993906,0.9553303758249538,0.995661479856174,1.0037089244286987,0.9926830103989066,0.980329061538737,0.9810096091404017,0.969911215746326,0.9778251926634008,0.9656007775601649,0.979528706041787,0.9786083179984341,0.9680843130550882,0.961334765455339,0.9635184105264071,0.9608187508146803,0.9684689921269539,0.9765089655593043,0.9634614188368107,0.9700354837005142,0.9594381958891511,1.0131968112640304,0.9946158221319964,0.9925620725141722,0.9943643167325397,0.9613684605940431,0.9895327504185052,0.9734109259394044
01-06-2018,0.9639931131806585,0.9896371633375767,0.9535328904400742,0.9563042528204923,0.9904244447800189,0.9967333559611482,1.004714091080716,0.9558133540923699,1.0001085812715698,0.9851194965780063,0.9592752366825085,0.9792747437212344,0.9626819752246547,0.9563635437076096,0.9458477900248111,0.9526659863613108,0.9841527385404208,1.0169889193592265,0.9958621919198721,1.0520799275505226,0.9895610424000891,0.9631610228969747,0.9795473118971842,0.9728182920355012,0.9868485022757139,0.9793959458945889,0.9641597988205687,0.9681364081288564,0.9714937462421369,0.9749466069830588,0.9712226794342008,0.9790140229598524,0.9663902548383125,0.9699636289414933,0.9645249025412796,1.0066443142761587,0.994729840748323,0.9998599940853189,1.0007790146074689,0.961040297487862,0.9713403013808177,0.9797705454751439
01-07-2018,0.9628191091511712,0.9760101540338175,0.9503355152661785,0.9585243066032306,0.9980910780839457,0.9905514216567539,1.0050888502521427,0.9457824275551965,0.985042240839283,0.9881290921591909,0.9730443156457061,0.9971214466967104,0.9675657521643624,0.955449503899606,0.9618334705281342,0.9538000317486769,0.9871126578548496,1.0153358861944966,0.9993164812200765,0.9907856392374494,0.992115040675201,0.9565912073751698,0.9711925518230253,0.9744281699007493,0.9884552972016584,0.9731790089860762,0.9750467942434536,0.9634138606010866,0.965885708417298,0.9771828685512027,0.9726267517098502,0.9734359328200299,0.9738622427772451,0.9629768518380293,0.9365678150617129,1.0066382106973844,0.9973004586645082,0.9984683686976047,1.0001855402661854,0.961985656637805,0.9673268482149492,0.9781022299490618
01-08-2018,0.9593325242200591,0.9675079893715701,0.9487004519786146,0.9578742562430178,0.9665300850646588,0.988208744965578,0.9948834836319458,0.9293274085528551,0.9866156958111424,0.9931325489261521,0.9815869679884404,0.9982728680180264,0.9684116968606726,0.958309644074352,0.9668014058638789,0.9537243940029723,0.9912522882772596,1.0049496857403335,1.0011252959304597,0.9840215473806649,0.993795526272706,0.9560933070204288,0.9704422739852208,0.976867533312773,0.9873157708591123,0.9751727481472817,0.9837611831292903,0.9630808139617417,0.9669464345145868,0.9704969559611649,0.9745986560169339,0.9706591486393353,0.9695155909667891,0.9644042433417898,0.9362877888045935,0.9967003851069203,0.9984546867397204,0.9991101436575699,1.0001855402661854,0.9672052325203272,0.9721684903704867,0.9797158674943527
01-09-2018,0.9653746052946519,0.9812696393298543,0.9399005201478838,0.9441388797399757,0.9725795078560856,0.9874274974446137,0.9936754020195478,0.9265601060261269,0.9775159118812131,0.9946777426539315,0.9659678353404754,0.9974977252047317,0.9711082746642372,0.9565395506002983,0.9681391875504463,0.9603173570398956,0.9975760402635987,1.0066595877463005,0.9972040621602726,0.9879883166233548,0.9890271644680545,0.9550512155390981,0.9743009306728279,0.963527241009395,0.9940735698655615,0.9790016231480108,0.9843022897165655,0.9636690026986469,0.9613914566087441,0.963060261999152,0.9745649219205708,0.9711870890417752,0.9677955636683746,0.9625586744785993,0.9442339651257063,0.9967496617749374,0.9990457474521962,0.9978957538142399,0.9910149161624868,0.9630784809692083,0.9826907132987667,0.9734040790262655
01-10-2018,0.966796404518292,0.9814803920314252,0.9379540721022102,0.945769353289968,0.9807227387611785,0.9884564433123546,0.9941434074830723,0.9327051055487889,0.9669139642578563,0.9940050434482653,0.9662564654191905,1.0,0.9780108387957918,0.9589754270368166,0.9594492203177986,0.9566522519046151,0.9986053293154079,0.9989108796150935,0.996789058392013,0.9680976465573461,0.9678705494818998,0.9682318174718358,0.9770109919039577,0.9566437332517996,0.9898717474684062,0.9811050151156097,0.9651465474285716,0.9673599032877721,0.9684429986733752,0.9545147097381299,0.9730269402157747,0.9709889982136836,0.9645573395765514,0.9601570612186476,0.956938366614462,0.9911482592527857,0.99895814688374,0.9982919310887025,0.9873514116430178,0.9622114088941992,0.9691279135873501,0.9756165396106393
01-11-2018,0.9666087534747898,0.9853938479651442,0.9344525524796151,0.9459931195219543,0.9866657216845148,0.9883413420504792,0.9936839498539302,0.9487930583292068,0.9578221948117066,0.9918193372983876,0.9845782641160492,1.0,0.9742207800872051,0.9568447059388464,0.9605769884494849,0.9566556554313858,0.9983990695491002,0.9964383201575062,1.0168582811296938,0.98070249271368,0.931525212223342,0.9702908309017128,0.9820786305815503,0.9635007706813775,0.9948376851848405,1.0121065473402238,0.9643682617906117,0.9622858853486108,0.9677281549796011,0.9542169337401492,0.969377583412742,0.9750126241019773,0.9594257623950322,0.9585162912604194,0.9611705980995516,0.9932786965132246,0.9972619064105551,0.9962076915538145,0.9882930769587807,0.9551701819489526,0.9510888874146252,0.9712452644664207
01-12-2018,0.9570434059917462,0.9724035744870114,0.9414625394403662,0.9564198269678159,0.9803936262057258,0.9879803389470491,0.9989730424663853,0.9471333630321915,0.961753803458579,0.9874694450730301,0.9902983294592398,1.0,0.9703261920139122,0.9568223409587318,0.958449598155454,0.9487430196206255,0.9995135669601922,0.9844209761635936,1.0199292754790192,1.0040310066639555,0.9288687297403667,0.9771395269727776,0.9766706843312012,0.9653550263348666,1.00044139204619,1.0083007235711827,0.9684316227666042,0.9684506205868916,0.9656223342720425,0.9597277901748954,0.9669679885573712,0.9670200455254835,0.9604151867470961,0.9555039053855855,0.9520790171430138,0.9902010497307159,0.9991479873357936,0.9964026343284391,0.9941265752190344,0.9587485483954064,0.9361869040047123,0.9703787604211845
01-01-2019,0.9562691260036977,0.9765975653441121,0.9462053353268021,0.9386986481934629,0.9689954751998733,0.9944857322056319,0.9995076322248023,0.9531475500565231,0.9517090139867981,0.9868582453465382,0.9981730227533683,1.0,0.9776522207524896,0.952555500805585,0.9575848823970715,0.947957597811732,0.9986126503588537,0.9913837575812428,1.0134903253727228,0.9948470727971741,0.9763117342282446,0.9718045563307288,0.972166307654703,0.966392837204057,1.0227068973429865,1.0026189092474789,0.9741455975989167,0.9725002753930806,0.9640808918637658,0.9504167235543632,0.9645223964135916,0.9674937299336953,0.9584576475853308,0.9609445563221701,0.9402860915922637,0.994156398673658,0.9984453207283688,0.996337928893057,0.9927471046744811,0.9598769243204621,0.9462615346727286,0.9718223646480963
01-02-2019,0.957346018746319,0.9760233127514674,0.9475169236780633,0.92339181780533,0.9603362244475302,0.9858631471199572,0.9995377761252152,0.9505592837685103,0.9806948470704088,0.9818339842841622,0.9919795762433102,1.0,0.9780164351215892,0.9530471613907477,0.9602917238743268,0.9526758422402192,0.9969158474359868,0.992293357731592,0.9978755150630708,1.004949289117368,0.9616145922120729,0.9792316029458017,0.9647926717496453,0.9705928970639636,1.0218269383227163,0.9627188237250484,0.9757263857702031,0.967104267912067,0.9617212353061871,0.9414359736577617,0.9616407225694541,0.9665708562081724,0.9609739661049679,0.9639341239942723,0.9454410404256882,0.9946476327623053,0.9953612308891581,0.9986533889362875,0.9781892251157379,0.9568566343298449,0.9705417763039498,0.9716083373636534
01-03-2019,0.9614784376357747,0.9773600695490974,0.9457225373466233,0.921295096818233,0.9550395261725173,0.9952577448728004,1.000544735866314,0.9446429017145572,0.9714150650040972,0.982975243137032,1.0134386838578262,0.9950886694276309,0.973469293288916,0.9498241335670374,0.9641350047168956,0.9608457678816865,0.9956353558547119,0.9912471129643783,0.9921579591519238,0.9961840178174085,0.9644971215424284,0.9742106877474848,0.975790765209126,0.9747393644643584,1.015684908936278,0.9724076769826824,0.9716875615376117,0.9554236488503193,0.964000845263477,0.946536474116927,0.9626533381342199,0.9667670844346699,0.9557369728513463,0.9700585009540855,0.960761819128414,0.9880824685633395,0.9919758734896187,0.99933484641144,0.9818055341520345,0.952103617179169,0.9767048735127232,0.9736682352614064
01-04-2019,0.9603107420274712,0.9777161314929426,0.9407250363197877,0.9387096519164304,0.9593575255838471,0.9806184481410682,0.9989031129698819,0.9373887074056406,0.9924401261241486,0.9853014832713252,1.0097150388780933,0.9848939632168316,0.9608630038496531,0.9486928503354412,0.9661288171204018,0.9556950434091068,0.995995301166807,0.9827238936635261,0.9924247214248926,0.9879767326566089,0.9462759066471054,0.9742776662961555,0.973998715216629,0.9780500253279187,0.9965762184447501,0.9861759012964841,0.9624610239559046,0.9461198876628808,0.958311398077449,0.9532379574541192,0.961485589645347,0.967483768262246,0.957656119838512,0.9635259806306484,0.9680045804006491,0.9921558738396182,0.9916600876446064,0.9985338791026533,0.9863330621913381,0.9455288587471653,0.9645896173934027,0.9682356909616311
01-05-2019,0.9569727077251162,0.9797213794474585,0.9440410903980949,0.9558211118212676,0.9576708829334541,0.9969005851050847,0.9940493269401061,0.9272330035755147,0.9751236203461128,0.9887396121872676,0.9849214656686738,0.9414741913839981,0.969016810714935,0.9483145282438653,0.9651964521999044,0.9458113374148525,0.9939282395094248,0.9851930586317377,0.9891048108169272,0.9776395660277002,0.9551330881962672,0.9663430121361534,0.9783717636927559,0.9724240153430804,0.9940184955215894,0.9764619428929933,0.9631854808621186,0.9593379438093294,0.9621733985807657,0.9571046880084358,0.966059147543372,0.9647156662448707,0.9606814250641982,0.9556897825882733,0.9588848050538268,0.9937177361865608,0.9950545721211989,0.9976257418660597,0.9912465333751012,0.9476574981177328,0.9645805790091609,0.9663407234228399
01-06-2019,0.9589772052040584,0.9850480082813549,0.9435733939996579,0.9603389003959126,0.9600007358276055,0.9959213994974129,0.9950489679411759,0.9377942973370745,0.9707038582019768,0.9920601151545586,0.9718814324245763,0.9242508515047756,0.974742257802353,0.9511139857122056,0.9667089293435073,0.9363752972949909,0.9954130924514052,0.9828762482795883,0.9924937883543817,1.0022340033875698,0.9598237016024543,0.9679369309308711,0.973906885198402,0.9694869263990038,0.9922036526916193,0.9676495473683882,0.9643294937577763,0.9666982070911381,0.9617321756450333,0.9554478701587527,0.9663392533261985,0.9665806841545462,0.9625423584310671,0.957180747602278,0.9191794200210688,0.9983508207621344,0.995613872638254,0.9930342574126929,0.9794109062610314,0.9536064969318134,0.9791582711561132,0.9655834099916922
01-07-2019,0.9549646550924711,0.9827511237568695,0.9491898929852943,0.9523834832307168,0.948197118023437,0.9924477556933393,0.9971099713886971,0.9429304942309331,0.9682606862758565,0.9917136341975489,0.963698796927067,0.9525553615766605,0.9665008588688739,0.9511602437223051,0.9597265392156201,0.9366408413856027,0.9966522414746786,0.9869727204631535,0.9916465393501049,0.9762075483228757,0.989617098421336,0.9705735394632965,0.9767318820397053,0.9656172002386632,0.9869077196165257,0.9738338202564147,0.973026280447927,0.9704616767136217,0.9679176857473262,0.9571001558410049,0.9668756467219867,0.9689886061462789,0.9637017488233648,0.9568283356871962,0.925852068215868,0.9976267956628978,0.9942430184398185,0.9937694097563209,0.9778350209125641,0.9555604390646341,0.9718627684291126,0.9597760740736685
01-08-2019,0.9537865355369867,0.9782617155687714,0.9490902894553411,0.9509867161692012,0.9527549043758698,0.9866601499077747,0.9969922175102449,0.9422334266872995,0.977745364517296,0.9972386605116086,0.971367850519998,1.0004802631578948,0.9484825251101359,0.9540965934034598,0.9540498756371295,0.9436227428436776,0.9970600618755585,0.9723591368099274,0.9960756305183365,1.0022771475191232,0.9803938914199446,0.974352516306318,0.9736046567606,0.9714875736249257,0.9815419954676934,0.9746532398317955,0.972144246261756,0.9667448971652889,0.9663830259448835,0.9597897719405256,0.9667842736973913,0.965149067656577,0.9630520310228741,0.9612316315385492,0.9136612969032096,0.9903766226708813,0.9936706070608505,0.9937518609906754,0.9604754685284662,0.9562928815384172,0.9672170242930327,0.9638446361661116
01-09-2019,0.9517098141294404,0.9801303683146466,0.9445140392175925,0.9518147379068114,0.9578231626698859,0.9849608084187634,0.9953623554864258,0.9424452035330708,0.9774288801971367,0.9994107740497868,0.9756206106610724,0.9954908806546178,0.9553419192413994,0.9500650947227552,0.9804506385473225,0.9531865824608935,0.9918054133360426,0.9810514591008539,0.9971662253732739,0.9712883227040201,0.9820464759963057,0.9756603987293807,0.9695410812025225,0.9655963059708093,0.9854917479998019,0.9813458116956489,0.9665064467738316,0.9652589717389334,0.9673098237178576,0.9642515822265174,0.9680402577833883,0.9648697996587622,0.9632631929480667,0.956720712740228,0.9542706607193971,0.9885496379266246,0.9943428894258389,0.9947212922278525,0.9947706566659347,0.9502018064494098,0.9520208541516261,0.9632764298852949
01-10-2019,0.9509203698444829,0.9785883491198482,0.9408556303362403,0.9496920576129577,0.9620439846608863,0.9867329360790098,0.996738208169294,0.9412133783040719,0.9650098729581358,1.0040851311330665,0.9891805759542485,0.9944503146518373,0.9658819572940348,0.9482735383623105,1.0133420538166922,0.9544751408376321,0.9910607709715696,0.9715425929184698,0.9985171290290591,0.9853989861604663,0.9767971880856635,0.9737092229558129,0.9754118716759228,0.9691907954162092,0.9818727123738565,0.9763132038887138,0.9685026124862558,0.9660172735508868,0.9628449045076269,0.9681720882293713,0.9659733799845602,0.9625257139381241,0.9617591584442441,0.9598070500868655,0.9630104730684005,0.9903213063422639,0.9927488890161905,0.9937359928918733,0.9753493684406802,0.9511941362696256,0.9803842362162744,0.9646453237079687
01-11-2019,0.9524419399815575,0.982250237403677,0.9435702712767776,0.9397427965303898,0.9644980240718081,0.9885362220662581,0.9973847885015843,0.948073510402099,0.9605822790275558,1.0009347998998064,0.9772755527431298,0.991115732274876,0.9764374119252344,0.9482593263922229,1.0065776346934274,0.9511663568062438,0.9914012916354082,0.9841553539034864,0.9967081859358089,0.9803411321648702,0.9866332536712484,0.9656561526435906,0.969664984798353,0.9665927190932538,0.986050071034166,0.9771651096402563,0.9635571257122448,0.969447156123327,0.9606526179992899,0.9441363044795056,0.9655383078479737,0.9647335211614653,0.9609018920029112,0.9579189365378635,0.9651105532782216,0.9994031177581971,0.9939356108592721,0.9953299105468715,0.9746879432411086,0.9493698185944579,0.9841368268670472,0.9613260593511628
01-12-2019,0.9492681538375993,0.9891397851304591,0.940378267217314,0.9333028190852655,0.960956811721335,0.9865329977649878,0.9946313935969407,0.9474238313199612,0.9521620992835783,0.9976985760883235,0.9778915510574623,0.9693550379603162,0.9881550644133027,0.9504468880181742,0.9769968949642007,0.9390448321837179,0.9942879025321064,0.9810459800641211,0.9970398951010644,0.9862817211260646,0.9572289843507221,0.9701232040076199,0.9757515850229685,0.9700906910883633,0.9818453673006505,0.976992583983558,0.9728013437633338,0.9671108666296554,0.960857235745147,0.9412288511217086,0.9623762376203097,0.9689860544287833,0.9630923358676861,0.960979835603348,0.9521024595772414,0.9997410421178415,0.9920875079969623,0.990823544133286,0.9744977604864437,0.953138945694801,0.9820722735334001,0.9615368721153644
01-01-2020,0.9502451384449471,0.993118906724044,0.9445696460925297,0.940692148488647,0.9543277752767095,0.9983890166557334,0.993312271953862,0.9504388835699646,0.9724971822397198,0.9979876759052256,0.9615223393378314,0.9714733655439183,1.0084419323679943,0.9536072350846676,0.9685588000984805,0.9414302098839279,0.9907687691150794,0.9950031273885834,1.0153599855129183,0.9836529344372735,0.9515577467318957,0.975113642857782,0.9761597471844708,0.9738121935359291,0.9928744586768298,0.9712015073014353,0.9668338786412848,0.9648159188258751,0.9635825344208568,0.9369921851800214,0.9635224632627641,0.9719564967382487,0.9624419890756118,0.9619238487339655,0.944091133342379,0.9999868241904073,0.9978762316565845,0.9909119196608552,0.9877368835959868,0.9512744650118907,0.9731239788280913,0.9642212616052868
01-02-2020,0.9507125627367847,0.9867658375482795,0.9426876975045443,0.9496741053496571,0.9699521262844026,0.9974930703320108,0.9898660312228599,0.9483497186359063,0.9570332475567778,0.9928534698514649,0.9746912133896037,0.9749180214145848,1.00199309918341,0.9523170465980854,0.9767551916914101,0.9421600446922294,0.9893838157858008,0.9982123987585185,1.0168044614601113,0.9796461607024641,0.9521233517635641,0.9781368493718477,0.9795366902094922,0.9691373439544332,0.9935820235433749,0.9741315279873914,0.9664280911498259,0.9610849195998937,0.9638741279150881,0.9551142289427438,0.9630814004756125,0.9619104903000643,0.968057221174,0.9617819856530746,0.9424510009685845,0.9685605827461226,0.9974279583065095,0.9926557395746133,0.9944492521549521,0.9569554837636894,0.9713885984546753,0.9640639724195703
01-03-2020,0.9524428749042538,0.9817019676847616,0.9440252659184597,0.9568639019397459,0.9688542338980131,0.9991286348978179,0.9799080650728715,0.9570714430258439,0.9546003500176904,0.989365516649522,0.9732814348207436,0.9635904142213205,1.0001654748857587,0.9504329148191192,0.9720077187393441,0.9447062423455734,0.9930817801076197,1.0027698712465996,1.0138383672085263,0.9792663766413519,0.961707830387847,0.9733057949555247,0.9753875124513033,0.970166734920287,0.9950748673718988,0.9760477512640773,0.9631616570853003,0.971723693864354,0.9646556657218212,0.9550867115269545,0.9647076859647147,0.9628704928677294,0.9682600691825561,0.9584754321018839,0.9510700461277001,0.9745814759868257,0.9985540269467122,0.9924083326056198,0.9895345138670036,0.9544355302017928,0.9633304959512362,0.9613711521202194
01-04-2020,0.9512107591662957,0.9863715538282442,0.9417425084408639,0.9487437737770552,0.9803252289225647,0.9967016875820608,0.976015019080582,0.9514062686672041,0.9493416157451996,0.9873569750788531,0.9843196018290493,0.9531022063442478,0.981884059851156,0.9489729189700589,0.9729031995397418,0.9473505508717066,0.998752370364574,1.0030000222229152,0.9972128984897156,0.963439065039125,0.9669265796436846,0.9680908362705031,0.9768640229808847,0.9702651246550614,1.000881188540653,0.9801288727421892,0.9707434787588881,0.9829272262189225,0.9660553277682788,0.9486483613732658,0.9642932653982262,0.9569688336228528,0.9696712770040864,0.9614594585489659,0.9567375282672215,0.969609923635284,0.9980302511263512,0.993914625159883,0.9981432620237859,0.9545002811570177,0.9654871935231477,0.9603509666767505
01-05-2020,0.9462743305864955,0.9937097496030642,0.9356931314137361,0.9284986109292199,0.9662698486702255,0.9961298120023336,0.982405014064225,0.9463349620378005,0.9455910782590243,0.9893341539904348,0.9839327284983138,0.9385673875769299,0.9873787697663239,0.9506747479163136,0.9717413051047559,0.9490739797349238,0.9977537352602869,0.9985002811953589,0.9978467705019813,0.9609639545599707,0.9982496075375145,0.96905867057416,0.9862023845632667,0.9763637154955153,1.0005751392453324,0.9785148382024963,0.9783480521415623,0.9784460553978876,0.9715315212589354,0.968288551986423,0.9662388294692275,0.9714276673679704,0.9673760994910963,0.9606998353025217,0.9636127555308411,0.9857172995565621,0.9964998479086463,0.9831225895142102,0.9950817086964654,0.9467975323901373,0.9653031549705074,0.9577985178964972
01-06-2020,0.9484995559738615,0.9928259736235827,0.9592140465068233,0.9159498098452628,0.9682286304202005,0.9950042592565621,0.9833445148943679,0.9461820589635006,0.9847427441926087,0.9988693447833871,0.9904949696509419,0.9577932674375234,0.9822049567673596,0.9510103691137302,0.9797001418403437,0.9600926405767983,0.9968323340186037,0.9924298548964952,0.9984510087759754,0.9263589601769068,0.9763619084693623,0.9714128715911543,0.9822370567920453,0.9751996654574837,1.007914406015201,0.9568932713923042,0.958545212927438,0.9627681295842642,0.9657497673423994,0.961144468418523,0.9648893200620956,0.9845172818775269,0.965370300406483,0.9689123745472608,0.9704776299862994,0.9820905052998864,0.9960541643110744,0.9871632844892283,0.99349141188116,0.9455899831635216,0.983716455842186,0.9610647921994444
01-07-2020,0.9400284664677407,0.980220235301827,0.9572964962440232,0.9294342072583361,0.964589528961992,0.9935940457311493,0.9839654748472331,0.9493786233519746,0.9852174630549125,0.9975464132526464,0.9910188531622466,0.9577932674375234,0.976944170713822,0.9477909933079007,0.9798705818210065,0.952833517613124,0.9951530162607194,0.9726576331544693,0.9972084646346188,0.9270237071023625,0.9914906147450142,0.9630980153529508,0.9665015291569319,0.9701256287881634,0.9973880801099495,0.945400326512424,0.9604907346643654,0.9679101425577037,0.9625464544600048,0.9690837242709435,0.963000611061205,0.985169533234338,0.9634623233166523,0.9611318533969851,0.9518772303758335,0.9940561854628224,0.9926827998363746,0.9834758604618914,0.9852165780215434,0.9399740226080767,1.0258448602825407,0.9621019076076555
01-08-2020,0.939664346696107,0.9802451075409377,0.9607824548353773,0.9380091173194984,0.9923081473728627,1.0154288222243386,0.9711827000265548,0.9474513594128541,0.9984077342105694,0.9943852122485561,0.990133125018965,0.950498820042624,0.9594793371790874,0.9470303823198151,0.9912531448752957,0.9526182364206077,0.9951397624154383,0.9752981233623861,0.9956311833176731,0.893441474741209,0.9552961629709477,0.9585001451757699,0.9596453868783477,0.9555946029760626,0.9982270546272927,0.9538504709658218,0.9566687452534522,0.9762574847081336,0.9547355000575307,0.9768390951633708,0.9623850344228156,0.9792810983009351,0.9628129113355571,0.9569479126415416,0.9502982587709758,0.9936732010148362,0.9892406284256873,0.9990564495293612,0.9861019091654952,0.9435488534408399,1.0311941894933423,0.9655200034169438
01-09-2020,0.944816191771994,0.9791203569872071,0.9482575417739574,0.9271331902394084,0.9921580295650082,0.9964118578895342,0.9832484254502578,0.9458768098456991,0.9806685356495143,0.9957024545691333,0.981076754635253,0.9921718807370608,0.964279863636696,0.9520980873312402,0.9962672432144374,0.9523168533054687,0.9998469397046735,0.9839758771741145,0.9898844389952619,0.8876957979399626,0.9810027116863742,0.9581943408062413,0.966323319052707,0.9529610390230429,0.9989198937882495,0.9625814009590297,0.9704637250612702,0.9754447877142564,0.9612338485288368,0.9805204089391291,0.9678789745859311,0.9722867558112203,0.9609560175869039,0.9527117990783616,0.935806532880268,0.9937836660769775,0.9907094917810503,0.9951218795443274,0.9650541886108314,0.9505775993794741,1.0169550715261988,0.9669308108912088
01-10-2020,0.9528663925058536,0.9854147314445723,0.9451357860178513,0.9205037930211595,1.0165927210819425,1.0085910346435811,0.9770035252026326,0.9390161220142017,0.97688965925135,0.9944179033530267,0.97139249052501,0.9939343549833494,0.9694513390836309,0.9526704977018008,0.9998104624759198,0.9548758209215825,1.0016371924328933,0.9886525615931285,0.9889437453117303,0.9107035855592764,0.9745581425264419,0.9670647336447161,0.973913346255538,0.9565468056598875,0.9910246870662913,0.9795411480144558,0.9763301166123274,0.9722742107167793,0.9582455800468839,0.9845633407323555,0.9695251571868327,0.9752156666880974,0.9604922981709128,0.9567204130376923,0.9567055758390467,0.9956446747809279,0.9963916321038425,0.9951166093482152,0.9706665759374156,0.9577870943813427,0.9871587169716562,0.9677513378118388
01-11-2020,0.9556437263519819,0.9720879341018842,0.9486104451891004,0.9173566274163696,0.974091271201546,1.0000519146223,0.9708334199937751,0.9345290995165069,0.9848587405521192,0.994332204370947,0.9757116789167485,1.0,0.972374055690918,0.9503108066542791,0.9920730388505751,0.9573891474027229,1.0018123261258147,0.9879930957071139,0.9884043067512082,0.9045598572067638,0.9543575107326648,0.9634827409666591,0.977588685677016,0.9667992307061019,0.9751930472853885,0.987690922517673,0.9724215905344885,0.9700125717194193,0.9642793905491767,0.9710005660931529,0.9700562460901436,0.9729440158622631,0.9643133718658269,0.9641757794225342,0.963186055011301,0.997096449853952,1.0002206331495245,0.9950437589629018,0.9897865036644863,0.9569448864618092,0.9851594959555189,0.9681090962523791
01-12-2020,0.949900086183288,0.9737402005312805,0.9476487525968321,0.9255403111739282,0.9740995059747379,1.0023657485108695,0.9773457826309984,0.934560884219133,0.9820186844255887,0.9902369358434994,0.9725409823627479,0.9956611570247934,0.9751538132756913,0.9526543950342704,0.9585386975262437,0.9511207790599837,0.9973355376816383,0.9874818596422423,0.9956496038332846,0.9286766893426206,0.9405522226322799,0.9715473958913337,0.9826763916578707,0.9740153081911712,0.9755556967140548,0.9888510820100436,0.9645542889066087,0.9704729307085214,0.9638274568052736,0.9663352618822618,0.9700978272485251,0.9697657703877449,0.9647020163225279,0.9597689227761026,0.9618617967276823,0.9996550680864177,1.0043032712877678,0.9979903155520398,0.9995836383403486,0.9525045629582793,0.9740791724309847,0.9684208062744383
01-01-2021,0.9508394977814826,0.9794388149955475,0.9473566873303223,0.9353607976032607,0.9736204641476527,0.9977328000886043,1.0167544011546934,0.9360201981308195,0.9847701220266399,0.9805636063157086,0.9731066915673845,0.9934036796536796,0.9704625711645667,0.9559022170630932,0.9479468158579459,0.9526223522879927,0.9866836329225201,0.9864158982227642,0.9948946034510334,1.0077522011887592,0.962085873946881,0.9695501753773956,0.9814139302378552,0.9696542282554227,0.9789250410037109,0.9855711990552032,0.9725868946146597,0.9730459916351076,0.9605627587354197,0.9740897093843043,0.9707036472443484,0.9679642469002266,0.9667788741020937,0.9584305787575662,0.9597989549728754,1.0015684851963942,1.0026739507499227,0.9969692457479868,1.0015886301423642,0.9499382586559193,0.9694709983792612,0.9701466067327573
01-02-2021,0.9500104238792839,0.986848656152856,0.9453155970961871,0.9396961484599347,0.967360361941215,0.9967559525185377,1.0257586595679207,0.9427353955431859,0.9832871428956631,0.981533705509851,0.9730447694833522,0.9920844155844156,0.9726575317801398,0.9589892006839255,0.9504808747997581,0.9475998046055395,0.9889587879737382,0.9855247859347804,0.9908302865843345,1.0060176556534906,0.9820389217976618,0.9712400141996239,0.983621223144465,0.9707458931601657,0.9840921327546462,0.9844762906541689,0.9765182182153294,0.9730124336528091,0.9581189340034948,0.9729340388995462,0.9701285030367327,0.9706619800175589,0.9632996085018638,0.9537854189570059,0.956947059564238,0.9954817974410539,1.0027498849223313,0.9982182406109893,0.9955492311423246,0.9498986040697968,0.9610505931009968,0.9700539993904288
01-03-2021,0.9537630536490367,0.9869294368253622,0.9490451183046751,0.93372179091296,0.9716147643218227,0.9885871637275022,1.010773888612204,0.933988955026105,0.9914969373588755,0.9859216088206632,0.9768418752376852,0.9937142857142858,0.9659409497501507,0.9549222553368549,0.9647549431621342,0.9498047792785158,0.98891453424057,0.979349895716126,0.9927871134863571,0.9983523852960076,0.9594533392861296,0.9641610123114803,0.9763759454951808,0.9661229388677098,0.9869771133827068,0.9849005535330827,0.9774132349847185,0.9758652969249896,0.9568669998462703,0.9704965550384426,0.9671210723301418,0.9740933096604474,0.9624343442178568,0.9544835555148969,0.9634612616432241,0.9997014963915185,0.9892588731613547,0.9971104750561979,0.9939395243310907,0.9519210572776243,0.9651062687163422,0.970930155458632
01-04-2021,0.9550634809377505,0.9792109044332775,0.9562398995063022,0.9325898396515475,0.9650831119237779,0.9896901621738765,0.9967185979208973,0.9380600748455099,0.9886761342399778,0.9891342125779703,0.9754837075368774,0.986492673992674,0.9714186052550635,0.9517805841842991,0.9744493486503977,0.9464985075467317,0.9959289133321337,0.9768059872184771,0.9944166937397746,0.985565253040919,0.9633800981348152,0.9645572930670956,0.9696487991004398,0.971424703968891,0.9900096891684882,0.988044018581578,0.9656096948983603,0.9649205587556658,0.9613042227770324,0.9736175645969265,0.9682802024417201,0.9768702693158366,0.9589824269521589,0.9578341394146026,0.9665436023520501,1.00041742838219,0.9929384699455852,0.9949528653374857,1.0048583495209376,0.9525408737039874,0.973122122926613,0.9701553469828158
01-05-2021,0.9575786075883805,0.983725103884556,0.9589354638295554,0.929456503768952,0.9630265074639298,0.9855336608349612,0.9881143435999132,0.9373195302434127,0.976560235847824,0.9890040332226793,0.9757593452282357,0.9768537018537018,0.962940581019075,0.949983192444076,0.9788644131420478,0.9514440743194236,0.995259862520376,0.9728950632207753,0.9975271063259412,0.9665578377244733,0.9672395652393719,0.9642664096505198,0.9657376056820773,0.9695090892348325,0.9928749465508855,0.9846290811135905,0.9639018081948127,0.9667382103895189,0.9627920647001329,0.9751672635507639,0.9698674831550319,0.97887211962487,0.9584158589161782,0.9575675944207583,0.9588616868549912,1.0015480884261443,0.9911705825044018,0.995269268442149,1.000086165422897,0.9538501651850028,0.9782622545054704,0.9715084288719852
01-06-2021,0.9582724864579133,0.9823898845643635,0.9628078107906443,0.9353998761389516,0.9686084276747895,0.9900921292298103,0.9925449646932537,0.942575535336438,0.958210570371114,0.9904782304760437,0.9754237486529962,0.9820137867649261,0.9550681507137826,0.9537186202749304,0.9740576072581861,0.9552999595610832,0.994673533071995,0.9791491241729603,0.9946741177321053,0.9622011468279723,1.0028302133957891,0.9710582928431014,0.9667024103437352,0.979670739472856,0.9899159237089403,0.984392751115124,0.9739010183023185,0.9658634222520498,0.9639698630681035,0.9775874119386764,0.9745325637094655,0.9802919250149178,0.9663587159620877,0.9626513928491526,0.9519447416487672,0.9935719629504772,0.9931211982653009,0.9948511082220705,0.9975817992108456,0.9559680858672466,0.9808982944386294,0.973200179703633
01-07-2021,0.9625120426115986,0.9834671696651863,0.9598834067800401,0.9496917426484969,0.9762287857086551,0.994178576551012,0.9917464262954322,0.950196867906195,0.9556426489426496,0.9939774390686124,0.9771005450021553,0.987133130992546,0.9620225401535452,0.9582763261733817,0.9693290601777397,0.9641374985378811,0.9930060486097346,0.9875106413561472,0.9925945160072253,0.9506445483059721,1.0071287770789283,0.9797034763614528,0.9764305736491429,0.9771940185040678,0.9893583248227982,0.9914238024719418,0.98097870767934,0.9792255292588661,0.969446179574033,0.982977476617036,0.9772642305926562,0.982887815798755,0.9683674435108744,0.9623474556392123,0.950633159246026,0.9892827347916885,0.994735182903022,1.0002058276461332,0.9881074656984123,0.9605265839393337,0.9799391470301647,0.9771569462386533
01-08-2021,0.970947382309912,0.9896960508560382,0.9648213617598916,0.9535751701962767,0.9664778518710926,0.9977228328930673,0.9939432113576081,0.9509581203417524,0.9634412790899507,0.9959981465445169,0.9818581101825175,0.9850366031294937,0.9787234468429262,0.9626351769250932,0.9774357823206835,0.9750139096890232,0.9929692912139823,0.9876892732877802,0.9927903979653031,0.9695235170766021,1.0182069737966544,0.9819518236653173,0.9819289111959391,0.9818152431530118,0.9912558237424921,0.9932432736200189,0.9778553790029837,0.9802842087288841,0.9713742781233485,0.9870225025645315,0.9809755982725503,0.9849113401818291,0.9683285209493475,0.9715674367069204,0.9613234188552722,0.9919496377738798,0.9955446369758596,0.9948569893483475,0.9855833917427317,0.9587054634630577,0.990600975845536,0.9816604988448314
01-09-2021,0.9734160059053438,0.9953269855094866,0.9633090260282683,0.9567024023733641,0.9668287929970586,0.9952354273977281,0.9930473098139502,0.9580917385763569,0.9640911731569847,0.9958540360003528,0.981309919522984,0.9790322321375164,0.993465566529442,0.9666931303139521,0.9776759943557404,0.9774533820737407,0.9924216169982977,0.9874414317533038,0.9949808531184257,0.964008264767672,0.9762438595861189,0.9823533236139147,0.9819783644571838,0.9759605725396152,0.9944660761854193,0.9942883165463461,0.9778267306325734,0.9792258129292203,0.972114754989244,0.9864051657220037,0.9839511893429652,0.98789732121707,0.9689761153372286,0.9732259001701595,0.965101673546275,0.9936502134225758,0.9967046718588684,0.9942119597546974,0.9866633469328212,0.9617914336581429,0.9898807239462463,0.9855420073965364
01-10-2021,0.9675771480256171,0.9926192538862253,0.9664203916488681,0.9596028256596236,0.9663426645465002,0.99513435921686,0.9948816914987693,0.9567380438609641,0.9644806705122365,0.9974942637639931,0.9795012561012183,0.9862129449612171,0.9813865996387685,0.9650813244990828,0.9868308445153157,0.9719895944887454,0.9946813174325749,0.9881639975812411,0.9951474884585206,0.9962021167479862,1.001089732400097,0.9782810332628706,0.9807478551471733,0.9772175998369512,0.9993094220200337,0.9832982576105114,0.9736190733236972,0.9837190559939143,0.9675138918990976,0.9669007345509526,0.9841396188724161,0.9856578751317778,0.9707468917421722,0.9784390114409205,0.9700565096624023,0.9972224503511544,0.9942780071486147,0.993465949633926,0.9904442646194026,0.9608532503335361,0.9919192836427667,0.9847038898528808
01-11-2021,0.959312260169599,0.9879790811187151,0.9667003963683312,0.9635374594888538,0.9815904511132094,0.9968151854299118,0.9905975213858489,0.9622063983208277,0.9491997574440303,0.9962207268577219,0.9683685097578815,0.9907595613669582,0.9730972821089487,0.9632665772545737,0.9806512082309258,0.9668046514336893,0.9961841787503796,0.9925891278295578,0.9942479024140317,0.9770338712144987,1.0082342436600051,0.9783494832552218,0.9806168736461085,0.9668942763601509,0.9965648430632328,0.9873110610622443,0.9779110758139137,0.980139238678147,0.9690463035382655,0.9654442952086504,0.9851471932628149,0.9878775530024996,0.9735588584243788,0.9761738925655895,0.9627300702436921,0.9961673521643347,0.992513863203449,0.9986949536863241,0.9907115052479727,0.9594151242805107,0.9910570121688713,0.9873035310678656
01-12-2021,0.9676168878506954,0.982969639905175,0.9653068725357342,0.9637478737693219,0.9760942916749051,0.9932820074753946,0.9953822458862753,0.9621114785779915,0.9651337451028096,0.9969852720886395,0.972083037046303,0.993404781833086,0.9644322458384794,0.9603319880472313,0.9804345438748331,0.9688130363408248,0.9980367612855882,0.996852716001388,0.9925289149708657,0.9841361402803761,1.0074068419379736,0.977826623748234,0.9764440595741594,0.9700175714789028,0.999090487912288,0.9926303693564881,0.9815013980802126,0.9840650721870802,0.9709676058749955,0.9724356937824179,0.983488750720543,0.9882604628911169,0.9709105718045792,0.9786286442983197,0.9548943885931747,0.997447910773197,0.9929996736450345,0.9971924077066472,0.9900115934228353,0.962749408457238,0.9912313131948792,0.9864927904174127
01-01-2022,0.9720722820452883,0.9789215055112047,0.9603490703317796,0.9623368403151822,0.9746245325350966,0.990818769281435,0.9954535460237615,0.963635932350876,0.9808468947481961,0.9968315983802801,0.968233963039741,0.9927780938524748,0.9649406463803244,0.9617702507668283,0.9717951483106124,0.9704812194571915,0.9985503234404374,0.9940156372093532,0.9933305074867166,0.9713672376943366,0.99165639718839,0.9791507897044701,0.9755888388093343,0.9704515629742732,0.9974149814433027,0.9889211653105444,0.9832938177168516,0.977169645026133,0.9717179424436853,0.9913378738564446,0.9839874948893931,0.9888816065568413,0.9664758667238347,0.9745896897850012,0.9512490553054768,0.9988738578193285,0.9929424331869628,0.995372425495331,0.988129104304005,0.9661103555253383,0.9878527119518951,0.9899148305195923
01-02-2022,0.9756149163846676,0.9802105205847971,0.9593856416757693,0.9727580902669296,0.9700937366180915,0.9912835324937149,0.9947872098974955,0.9608575592490818,0.9897189114875835,0.9979427082104332,0.9741422011904898,0.9931899978788368,0.9693665110282891,0.9638940295039117,0.9710091002553888,0.9696241199495158,0.9980141095557732,0.9931721295412261,0.998865931756503,0.9602483582765537,0.986550145651829,0.9751659157286077,0.9739351361193916,0.9762650915809756,1.0000743638496898,0.9832707048658558,0.9804991753520375,0.9764266896858512,0.971189291552953,0.9865947425801312,0.9838769796093854,0.9880000724235365,0.9696461208961882,0.9698252231947988,0.9528012190154018,0.997442851831368,0.9950898314936378,0.9951988339488134,0.9844767086833164,0.9665853287506176,0.9880079654245387,0.9884907434804336
01-03-2022,0.9672375317996215,0.9837788798512103,0.9636596456623843,0.9696680383841918,0.972107378797976,0.9957965707632627,0.9931565001590857,0.9635776373092332,0.9873859707884561,0.9984679505899917,0.9721722338484606,0.9865724324027776,0.9675124686889242,0.9653155524185704,0.9683002677303764,0.9661372173649073,0.9978616340652285,0.9920339505112502,0.9995263711875975,0.9295373734667635,0.9975658476873672,0.9750734215970854,0.9852145776353705,0.9788628197368471,0.9970686861784739,0.976780713518023,0.9726990322374295,0.975213420538156,0.9707680316904266,0.9729874790848222,0.9847632610042139,0.9838432754170561,0.9749900093441715,0.9641194243240525,0.9573319822429391,0.9936325999026009,0.995174984263541,0.9951646235181177,0.9867838831650199,0.9628031502671708,0.9857209345245378,0.9932945490818784
01-04-2022,0.9658610782422945,0.9814389916350509,0.9628440835038474,0.9675130597160935,0.9735175209225502,0.9878623599580201,0.9923809284533415,0.9650602359919167,0.976136603401057,0.9975531924286821,0.9758600469596501,0.99092783083609,0.9726663689452154,0.9664723104735027,0.9736415119395052,0.9730826623806362,0.9955813721581963,0.9946776721109851,0.9992694962841706,0.9227201519997141,0.9864786301315677,0.977464935259464,0.9882767883847585,0.9797374663170679,0.9952263304004584,0.9822672728349301,0.9690039576561018,0.9746418782843632,0.9718662471702655,0.959931800991125,0.9891845760260498,0.9806027006877523,0.9797414294210461,0.9640027251496397,0.9551781199705784,0.9943823345131166,0.9975286930254621,0.997205106538315,0.9954671168138276,0.957973190728594,0.9852370950172427,0.992864560026949
01-05-2022,0.9684023253509535,0.9826399910197802,0.9616424613339459,0.9618471396642349,0.9766856895273788,0.9829542881905415,0.9955207566833852,0.9664744120194532,0.9802490821875253,0.9980138759874976,0.9765205129574828,0.9912194346949494,0.9696790596198119,0.969694972114889,0.9834866125144277,0.9764297470509997,0.9945390225616865,0.9955617601813604,0.9970529338974101,0.9407754855859896,1.017329071765864,0.9839562675748454,0.985610570767419,0.9810190419005449,0.9954883686399766,0.989205645365549,0.9704326142107392,0.9886532722246361,0.9756310581689319,0.9642532617504386,0.994503686737761,0.9806755728366997,0.9832485060401083,0.9682296263628182,0.9595773462843551,0.9963652827448497,0.9981879188430598,0.996905836838089,0.9995893386906175,0.9633070679828553,0.9735318780883535,0.9958454043483095
01-06-2022,0.9722763960111769,0.988699635422074,0.9626556657162635,0.9660603690979693,0.9775595918369058,0.9918000195197786,0.9958042718244066,0.9677400777420351,0.9782912780310253,0.9991650130736627,0.9800269221333862,0.997796284148582,0.9677236526786155,0.9710358965556994,0.9886358332459166,0.9858051614100193,0.9955471023952456,0.9985107441295755,0.997565862265681,0.9689501533893549,1.0536710158177158,0.984798132179012,0.9809142349080195,0.9854404102083458,0.9954460371949432,0.9890139894583702,0.969868789981665,0.994666420636061,0.9776055657696774,0.981916437786541,1.0001642680142389,0.9876335410461484,0.9829374450988058,0.9780904230058005,0.9571061998629274,0.9983564760541815,0.9992759301068252,0.9980397812338752,0.9982515069359474,0.9683614367318284,0.9838979324038784,0.9999168389789649
01-07-2022,0.9732269133439859,0.9905092805348726,0.9697858729325727,0.9673996914015002,0.9771530628734579,0.9853313182699237,0.9969043233234158,0.9675425706637582,0.974751753483943,0.9992540855212197,0.9832337400983528,0.9946947581324201,0.9706145013835292,0.9708726410712465,0.994045072010616,0.9750321302661091,0.9967798861282456,1.0090675629936885,0.9983198266742607,0.9487894101038282,1.0925514167404882,0.9861279224965269,0.9823792311963097,0.9853444797550781,0.9966484952477446,0.985579421639866,0.9728910121528394,0.9969270450300037,0.9806725672074992,0.9827750679414502,1.0006824113417618,0.9924784567309947,0.977755185991382,0.9833889491801875,0.9649920386887825,0.998594656164329,0.9991340948057225,0.9983700797253559,0.9950367298438845,0.9730446215072013,0.9869817617354523,1.0020545127215357
01-08-2022,0.9783049285150964,0.984134457403248,0.9704223336908279,0.9748254855635197,0.9372724176333357,0.9901129711772768,0.993556458635043,0.9674804549990881,0.9582609212379598,0.9998046565702501,0.9847352073121374,0.9959341109812203,0.9646428826757711,0.968225613489295,0.9842887121257801,0.9725720150902584,0.9975016423566099,1.0070772057941975,0.9985739626184124,0.9547828465971616,0.9893473817116658,0.9826129293406698,0.987509251734323,0.9888815981936253,0.9976899584951079,0.9878124472687827,0.9788773993891714,0.9800344158235065,0.9804974673153342,0.9783748450396201,0.9972247593983381,0.9957592667574438,0.9766438044148816,0.9856719290624373,0.9628720691171517,0.9977987935281366,0.9987444263192131,0.9969459546420263,0.9931356536894048,0.9741886937631143,0.9972836037674307,1.000045269202124
01-09-2022,0.9772948339820142,0.9818334688567996,0.9688322238831409,0.9830420886115216,0.9568693952235204,0.9837432909728124,0.9909364082749023,0.9653758611347686,0.9577124072583153,0.9988790633292979,0.9812839872043836,0.9958527482630333,0.9653578832957825,0.967912041777623,0.9806488174758191,0.965631070639339,0.9958257722156783,1.0056165912779553,0.9992644562008436,0.9543104427563067,0.9736433478635561,0.985979890251044,0.9881260027486625,0.982472964243385,0.9972553661782964,0.988807648540819,0.9823307065812038,0.9680686487898629,0.9810022292125815,0.9750613410681132,0.9919059734117214,0.988260174698412,0.9749475114746509,0.9805744445266006,0.9579476718750941,0.9970099885645688,0.997704506075101,0.9976641946298227,0.9918654252993087,0.9705945467053119,0.9955516812516598,0.9922290097778693
01-10-2022,0.9754333860770132,0.983490389806142,0.9634458946882496,0.9807923080019744,0.9588081295332437,0.9989830040742129,0.9864262707079717,0.9617174432901363,0.9509681649442457,0.9976774834317157,0.9801168442089976,0.9983931448330836,0.9594988390655139,0.9638049394014495,0.9601590877648244,0.9643156187305072,0.9963061296229,0.9960848940121185,0.9990750722460362,0.9884003588379789,0.9688561978164781,0.980116889057387,0.9823884325819892,0.986273847278132,0.9980235545271551,0.9897102860616687,0.980157375633489,0.9616908447431571,0.9778310404744871,0.9697255719290918,0.9834699834409552,0.9814620438649433,0.9737832694912059,0.9765394289950944,0.9470438976217948,0.9971633231439107,0.9981175871573973,0.9968883253201093,0.9954461826778482,0.9686186821739199,0.9909999224405954,0.9868064199622056
01-11-2022,0.9625401715574563,0.9877511006269056,0.9624004787870539,0.9678385393062939,0.9855417814424575,0.999327454427222,0.9875348494622661,0.9631575391165808,0.9462741508058303,0.99650952610105,0.9811792513247763,0.997084660332604,0.9582366064971151,0.9630045483372015,0.9645954263749478,0.9587073777540608,0.9965765254791676,0.993868782230236,0.9973518596680302,0.992807201592704,0.932931353343879,0.9743790501859058,0.9787224942003909,0.9841968188435892,0.9960305854324633,0.9883276450669419,0.9689329057146118,0.9716690156982218,0.9721118650438042,0.9731871313231414,0.9764499240671572,0.972952458484896,0.967969309838446,0.9692466245056632,0.9491957061030406,0.997754265817811,0.9982161017749294,0.9982092807542673,0.996310485857158,0.964206604874336,0.985798745126138,0.9811969691201863
01-12-2022,0.9613331366393472,0.9797614926058502,0.9599547457557334,0.9543245075561778,0.9824805679461616,0.9983764374904033,0.9904208967882752,0.9600871228090271,0.9593076335316534,0.99820112680263,0.9862736491800895,0.9974533652146447,0.9579306514419158,0.9604116708143653,0.9794882141011053,0.9591044137606014,0.9953282802598595,0.9924988924657501,0.9978091546765496,0.9951792401240566,0.9296939475059074,0.9669052128685363,0.9795395519524719,0.9873321160416261,0.9970422601063984,0.9838526343821477,0.9556540973687504,0.9733139634185043,0.968870629598409,0.9524950637126551,0.9724183745156966,0.970599629163957,0.9663194258298667,0.9625022514575267,0.9665942135493641,0.9980937094937014,0.9989627875240866,0.9972388803343195,0.9931634360600743,0.9610480604397902,0.974117108042396,0.9768455114525756
01-01-2023,0.9618169511706939,0.971131244417722,0.960765229484398,0.9631808881001616,0.9811885809783961,0.999869769203987,0.9931477914789205,0.9551793638508329,0.9708359106008394,0.9981082160127986,0.9882274401693609,0.9990618739405146,0.9648621081517262,0.9601654732288567,0.9918548298718082,0.9504136643366072,0.9943473895731979,0.996233963439941,0.9976770586463468,0.9921256648120801,0.9586417891515857,0.9708326717948831,0.9823436568860056,0.9785488281214018,0.9944805799766148,0.991623361794942,0.9562793941437251,0.9659040909992216,0.9662924040971819,0.9589099807418433,0.9643422469738671,0.970989446758931,0.9686619818076172,0.9549318461166934,0.9728355333979548,0.9957109411130703,0.9979571179040706,0.9977716944833255,0.9930330364943295,0.9567919923400052,0.9648308885332398,0.973642286399209
01-02-2023,0.961721492252181,0.9642982557072678,0.9619178531653085,0.9702930660101661,0.9710586359983235,0.9965275859828274,0.9945071203714392,0.9482756495090349,0.9781731747197838,0.9974497957425322,0.9840473656080151,1.0,0.9680887850271344,0.9523479299374621,0.9895114877967618,0.9491762448158365,0.993443023100247,0.9985134741503272,0.999589797776386,0.9897916436767987,0.9551500771379562,0.9735909385908543,0.9869929084045987,0.975007636793871,0.9942952328335334,0.9858896684274852,0.9583018880933752,0.9553338994489898,0.9653081903752827,0.9577206142653569,0.9588451436804654,0.9700079586043207,0.962385433383761,0.9572187395726535,0.9717753605296264,0.9954505098257987,0.9970174974283611,0.9987789716780746,0.9937613561243939,0.9570389241140312,0.9893562995354889,0.9662587645405745
01-03-2023,0.9618754791086039,0.9635863941505228,0.9598571462421011,0.9672039917390343,0.9702519204097696,0.996130001456768,0.9958050016396132,0.9458138372096663,0.9737865968002258,0.9956921129377045,0.9890360576021004,1.0022221550163315,0.972629705547188,0.9504310892378349,0.9727103585281499,0.9486398056492821,0.9960096550336961,1.0011363699184046,0.9974298364136619,0.9848622133479403,0.9389608419329991,0.9682456594221119,0.9886669797943385,0.9671847789132075,0.9954119725601472,0.9867864333172796,0.9603351193469517,0.9503722802612032,0.9637885704583615,0.9699149208073344,0.9534863530523385,0.9690449954889883,0.9640970728442247,0.9584800427945016,0.9608872266153881,0.9903572849405143,0.9966618021334479,0.9940688037674428,0.9946019169195136,0.9567888972784127,0.9891439686120657,0.9636580446558408
01-04-2023,0.952290415701261,0.9662039521550035,0.9610640886914685,0.9548201809181862,0.9651979042860043,0.9979632071745109,0.9906889894279304,0.9520310807857425,0.9716172184869656,0.9940082219082637,0.9916093843144469,1.002105128746113,0.9664212224541665,0.950605850489549,0.9867013020933694,0.9456514156455627,0.9955923509269189,0.9971250859984286,0.9961010223402194,0.9885262346225487,0.8637506999518876,0.961589558897121,0.98884534935469,0.9660697995393404,0.9979998516669545,0.9803553027502122,0.9619581736839091,0.9534456784448571,0.963826771427911,0.9726000440330302,0.9602187922168438,0.9721961360613217,0.9592464736321697,0.9606525856243548,0.9588477358244366,0.9942908945059736,0.9967678826629628,0.9927742037075502,0.9947721758408864,0.9632425058004134,0.9822980775874742,0.9632433884269993
01-05-2023,0.9550334540911469,0.9768908600071728,0.9577862286239247,0.9503269033592112,0.9540182995280606,0.9962766885402489,0.9896458719228334,0.9577353178489099,0.9761593260111273,0.9947350945672291,0.9918455355688135,1.0015382823227523,0.9690771347159306,0.9584869011042726,0.9843475420502449,0.9457493363272423,0.9964428445805901,0.9976099095476954,0.9972158442083724,0.9912118019913422,0.989242345564298,0.9631235980983549,0.9881916322479876,0.9755909124219334,0.9961491855343707,0.9770084351286279,0.9602510955803188,0.9673089149173512,0.9649449490260451,0.9672489759309049,0.968906090315907,0.966593327352296,0.9607405270903625,0.9565799559352035,0.9453648303923606,0.9947979862944637,0.9974177993173244,0.9937855731101933,0.9941057218178229,0.9571831966163314,0.9886490133299777,0.9686881056013666
01-06-2023,0.95822712488219,0.9862658023614606,0.9632328465718698,0.9640342245643646,0.9494176795858825,0.9971652659665561,0.9836383687130685,0.9567360244056606,0.9754744252096255,0.99565797775018,0.9851877242929007,0.9984423676012462,0.9729402489903589,0.9609628408469324,0.9866319940220961,0.9485173355942642,0.996864156474795,0.9964882061698556,0.9978782194039665,0.9953459868264446,0.9928333589798463,0.9697994970913375,0.9767142706814942,0.982848592965078,0.9971567890868694,0.9704870839249486,0.9537645383840174,0.9783872630788379,0.9689153642056245,0.9578524329720528,0.9690703516875144,0.9688479023797464,0.9642503986093889,0.9597893112617991,0.9535077978321054,0.9964960880457022,0.9970597668943103,0.9894638241609844,0.9939524528464823,0.9578528584141642,0.9919361038860676,0.9719938050573714
01-07-2023,0.96616433154367,0.9876051754436409,0.9619294129455642,0.9593730252563257,0.9526357707827324,0.9958150297252087,0.9824051879683496,0.9568067074653814,0.9724289505440639,0.996931778175874,0.9818762524698126,0.9987255734919287,0.9791997017689718,0.9622475027587343,0.9929453887543446,0.9630226876177418,0.9979127359212425,0.9967972881662204,0.9993476465445248,0.9962579861466848,0.9893670279019005,0.9703049086605423,0.9742826790700946,0.9855266954589819,0.9953521740167014,0.9776400166942698,0.9531375503784626,0.980660388554257,0.9700466989330563,0.9571054347045969,0.970739350167905,0.9674230116170409,0.9698634179068528,0.9640305537834465,0.9712885799703146,0.9973765468152281,0.9977565268855599,0.9908501046678372,0.9942594094646626,0.9542274650305418,0.995249415431854,0.9733061141898324
01-08-2023,0.9650556607885216,0.9871515413458269,0.9635841392461506,0.9566687158435412,0.9721794997554518,0.997529132354801,0.9837152102016246,0.9529253901818532,0.9727406989771846,0.9974646846908881,0.9781089589144248,0.9963886972941304,0.9814863192208603,0.9633719577674201,0.9903578650957895,0.9639356285372279,0.9982975771291239,1.0003922356886297,0.9982025834258579,0.9943597413942401,0.986100293520598,0.9756439742753992,0.9779503601389572,0.9844719224990673,0.9963574824946374,0.9729402055467609,0.9631847728111999,0.9800175552298551,0.9754410739740971,0.9686542134664139,0.970097509524533,0.9747004729522906,0.9723401777591929,0.9641988579240742,0.9715798225371348,0.9951809911377104,0.9982770313998615,0.9919263987414515,0.992120238346995,0.9631985165664779,0.9843714145407588,0.9746463143093982
